{
    "1": {
        "n_size": 1,
        "fasttextaug": [
            1.1062615979899419e-05,
            1.0954284199979157e-05,
            1.1046250600047643e-05,
            1.0881965199951083e-05,
            1.0856445079989498e-05
        ],
        "fasttextaug_repeats": 5,
        "fasttextaug_number": 100000,
        "nlpaug": [
            0.00021518356930027947,
            0.00021564907510037302,
            0.00021517703529971187,
            0.00021592575109971222,
            0.00021588354359992082
        ],
        "nlpaug_repeats": 5,
        "nlpaug_number": 10000
    },
    "2": {
        "n_size": 2,
        "fasttextaug": [
            1.5873301100218667e-05,
            1.5787639929912984e-05,
            1.5765084360027687e-05,
            1.575384286988992e-05,
            1.5743615869432687e-05
        ],
        "fasttextaug_repeats": 5,
        "fasttextaug_number": 100000,
        "nlpaug": [
            0.0004131362228014041,
            0.00041197133020032196,
            0.0004128524246974848,
            0.0004131821324990597,
            0.00042957548790145667
        ],
        "nlpaug_repeats": 5,
        "nlpaug_number": 10000
    },
    "3": {
        "n_size": 3,
        "fasttextaug": [
            2.0913146400125697e-05,
            2.0722604730399324e-05,
            2.0451463119825348e-05,
            2.0585163770010696e-05,
            2.0342257239972243e-05
        ],
        "fasttextaug_repeats": 5,
        "fasttextaug_number": 100000,
        "nlpaug": [
            0.0006324601064960007,
            0.0006430768272955902,
            0.0006360262978007086,
            0.0006296685082023032,
            0.0006400091346004047
        ],
        "nlpaug_repeats": 5,
        "nlpaug_number": 10000
    },
    "5": {
        "n_size": 5,
        "fasttextaug": [
            3.0716229780227874e-05,
            3.064766301016789e-05,
            3.071385480987374e-05,
            3.07541928201681e-05,
            3.062087449943647e-05
        ],
        "fasttextaug_repeats": 5,
        "fasttextaug_number": 100000,
        "nlpaug": [
            0.001029386355401948,
            0.001035874087701086,
            0.0010293615937989671,
            0.0010314685237011872,
            0.0010427257543953602
        ],
        "nlpaug_repeats": 5,
        "nlpaug_number": 10000
    },
    "10": {
        "n_size": 10,
        "fasttextaug": [
            5.756971688999329e-05,
            5.7549948939995376e-05,
            5.749008473998401e-05,
            5.7463400770066075e-05,
            5.736616859998321e-05
        ],
        "fasttextaug_repeats": 5,
        "fasttextaug_number": 100000,
        "nlpaug": [
            0.002100011539994739,
            0.002101379956002347,
            0.0021032618989993354,
            0.002106175702996552,
            0.002102818411003682
        ],
        "nlpaug_repeats": 5,
        "nlpaug_number": 1000
    },
    "100": {
        "n_size": 100,
        "fasttextaug": [
            0.0005263024234009209,
            0.0005271100162004586,
            0.0005262383945009787,
            0.0005274633541004733,
            0.0005265493371000048
        ],
        "fasttextaug_repeats": 5,
        "fasttextaug_number": 10000,
        "nlpaug": [
            0.02093527906006784,
            0.020965936169959606,
            0.020967218890000368,
            0.020993573220039252,
            0.020943158349982696
        ],
        "nlpaug_repeats": 5,
        "nlpaug_number": 100
    },
    "1000": {
        "n_size": 1000,
        "fasttextaug": [
            0.00521755130100064,
            0.005212443907003035,
            0.005224931842996739,
            0.005210436057008337,
            0.005307288480995339
        ],
        "fasttextaug_repeats": 5,
        "fasttextaug_number": 1000,
        "nlpaug": [
            0.21317847194994102,
            0.21408178305006004,
            0.2154794894499355,
            0.2102786476899928,
            0.20989321696994012
        ],
        "nlpaug_repeats": 5,
        "nlpaug_number": 100
    },
    "10000": {
        "n_size": 10000,
        "fasttextaug": [
            0.05394430860003922,
            0.05391512019996299,
            0.054013298669888174,
            0.05397247575994697,
            0.053943498470034684
        ],
        "fasttextaug_repeats": 5,
        "fasttextaug_number": 100,
        "nlpaug": [
            2.0933683830800875,
            2.0841203650399986,
            2.0823393439600477,
            2.085609673390136,
            2.078845303850103
        ],
        "nlpaug_repeats": 5,
        "nlpaug_number": 100
    }
}