{
    "1": {
        "fasttextaug": [
            11.732451004600444,
            11.93376012869994,
            11.683981166599551,
            11.609340625999902,
            11.586453020400949
        ],
        "fasttextaug_number": 10,
        "fasttextaug_repeats": 5,
        "nlpaug": [
            226.6409203390067,
            227.53949826299504,
            226.60776563100808,
            224.51107103399409,
            223.65465932698862
        ],
        "nlpaug_number": 1,
        "nlpaug_repeats": 5
    },
    "2": {
        "fasttextaug": [
            6.003102709499944,
            6.00038899830106,
            6.0159160461000285,
            6.008113004200277,
            5.987550517999625
        ],
        "fasttextaug_number": 10,
        "fasttextaug_repeats": 5
    },
    "4": {
        "fasttextaug": [
            3.1226485403007245,
            3.116458350799803,
            3.1172886503001793,
            3.1216928053996527,
            3.1282067232008557
        ],
        "fasttextaug_number": 10,
        "fasttextaug_repeats": 5
    },
    "8": {
        "fasttextaug": [
            2.4326338266997483,
            2.417741768799897,
            2.4335522698995193,
            2.440937015898817,
            2.4495824907004136
        ],
        "fasttextaug_number": 10,
        "fasttextaug_repeats": 5
    }
}