{
    "insert": {
        "1": {
            "fasttextaug": [
                12.687135230575223,
                12.69370939500264,
                12.695078200427815
            ],
            "fasttextaug_number": 7,
            "fasttextaug_repeats": 3,
            "nlpaug": [
                231.27773739700206,
                229.74388359533623,
                230.2518788613282
            ],
            "nlpaug_number": 3,
            "nlpaug_repeats": 3
        },
        "2": {
            "fasttextaug": [
                6.289447164287724,
                6.290401414859973,
                6.29474454099961
            ],
            "fasttextaug_number": 7,
            "fasttextaug_repeats": 3
        },
        "4": {
            "fasttextaug": [
                3.268574427002542,
                3.2748985910023163,
                3.2711560728577234
            ],
            "fasttextaug_number": 7,
            "fasttextaug_repeats": 3
        },
        "8": {
            "fasttextaug": [
                2.52396221471385,
                2.533132571569045,
                2.567982267002143
            ],
            "fasttextaug_number": 7,
            "fasttextaug_repeats": 3
        }
    },
    "substitute": {
        "1": {
            "fasttextaug": [
                12.052235411430177,
                12.05705176657232,
                12.057875059000382
            ],
            "fasttextaug_number": 7,
            "fasttextaug_repeats": 3,
            "nlpaug": [
                230.32077336566485,
                230.7085766836632,
                230.7759444869977
            ],
            "nlpaug_number": 3,
            "nlpaug_repeats": 3
        },
        "2": {
            "fasttextaug": [
                6.228965064144826,
                6.230034640283391,
                6.249109141570183
            ],
            "fasttextaug_number": 7,
            "fasttextaug_repeats": 3
        },
        "4": {
            "fasttextaug": [
                3.2325724008551333,
                3.230378076571339,
                3.2424350697131428
            ],
            "fasttextaug_number": 7,
            "fasttextaug_repeats": 3
        },
        "8": {
            "fasttextaug": [
                2.5174757901446094,
                2.5141443555725607,
                2.5500936114279154
            ],
            "fasttextaug_number": 7,
            "fasttextaug_repeats": 3
        }
    },
    "swap": {
        "1": {
            "fasttextaug": [
                14.08896580871494,
                14.101871052569809,
                14.101224612714889
            ],
            "fasttextaug_number": 7,
            "fasttextaug_repeats": 3,
            "nlpaug": [
                247.53045651499997,
                247.3897777746703,
                247.35800845566942
            ],
            "nlpaug_number": 3,
            "nlpaug_repeats": 3
        },
        "2": {
            "fasttextaug": [
                6.200910119859535,
                6.246756152574172,
                6.2168208144264225
            ],
            "fasttextaug_number": 7,
            "fasttextaug_repeats": 3
        },
        "4": {
            "fasttextaug": [
                3.264760767571196,
                3.2482553721430514,
                3.2479386815726423
            ],
            "fasttextaug_number": 7,
            "fasttextaug_repeats": 3
        },
        "8": {
            "fasttextaug": [
                2.5457117614278104,
                2.5380133241415024,
                2.5432793441453083
            ],
            "fasttextaug_number": 7,
            "fasttextaug_repeats": 3
        }
    },
    "delete": {
        "1": {
            "fasttextaug": [
                11.701708526999157,
                11.707723414575282,
                11.710192939711435
            ],
            "fasttextaug_number": 7,
            "fasttextaug_repeats": 3,
            "nlpaug": [
                211.57974382767375,
                211.29232439866368,
                211.25631099532862
            ],
            "nlpaug_number": 3,
            "nlpaug_repeats": 3
        },
        "2": {
            "fasttextaug": [
                6.263304165859673,
                6.216417791429974,
                6.1878965617132575
            ],
            "fasttextaug_number": 7,
            "fasttextaug_repeats": 3
        },
        "4": {
            "fasttextaug": [
                3.243503526431076,
                3.2413143177109305,
                3.2476079128599458
            ],
            "fasttextaug_number": 7,
            "fasttextaug_repeats": 3
        },
        "8": {
            "fasttextaug": [
                2.54149354342787,
                2.5511525187134145,
                2.541325854428578
            ],
            "fasttextaug_number": 7,
            "fasttextaug_repeats": 3
        }
    }
}