{
    "insert": {
        "1": {
            "n_size": 1,
            "fasttextaug": [
                1.2992239400045947e-05,
                1.3061036501312629e-05,
                1.3197723898338153e-05
            ],
            "fasttextaug_repeats": 3,
            "fasttextaug_number": 10000,
            "nlpaug": [
                0.0002314217220118735,
                0.00023203768901294098,
                0.00023397055198438464
            ],
            "nlpaug_repeats": 3,
            "nlpaug_number": 1000
        },
        "2": {
            "n_size": 2,
            "fasttextaug": [
                1.991862540016882e-05,
                1.9704408000689e-05,
                1.9719111500307917e-05
            ],
            "fasttextaug_repeats": 3,
            "fasttextaug_number": 10000,
            "nlpaug": [
                0.0004607871730113402,
                0.0004607396150240675,
                0.0004641939139692113
            ],
            "nlpaug_repeats": 3,
            "nlpaug_number": 1000
        },
        "3": {
            "n_size": 3,
            "fasttextaug": [
                2.629844279726967e-05,
                2.5859928101999687e-05,
                2.623002830077894e-05
            ],
            "fasttextaug_repeats": 3,
            "fasttextaug_number": 10000,
            "nlpaug": [
                0.0006932804609532468,
                0.0006931703499867581,
                0.0006899890170316212
            ],
            "nlpaug_repeats": 3,
            "nlpaug_number": 1000
        },
        "5": {
            "n_size": 5,
            "fasttextaug": [
                3.9540498796850446e-05,
                3.9702068897895514e-05,
                3.963098920066841e-05
            ],
            "fasttextaug_repeats": 3,
            "fasttextaug_number": 10000,
            "nlpaug": [
                0.0011479231189587154,
                0.001141125080990605,
                0.0011463876459747553
            ],
            "nlpaug_repeats": 3,
            "nlpaug_number": 1000
        },
        "10": {
            "n_size": 10,
            "fasttextaug": [
                7.513263209839351e-05,
                7.529915999912191e-05,
                7.392649879911914e-05
            ],
            "fasttextaug_repeats": 3,
            "fasttextaug_number": 10000,
            "nlpaug": [
                0.0022898063599132,
                0.0023095205100253226,
                0.0022939397700247354
            ],
            "nlpaug_repeats": 3,
            "nlpaug_number": 100
        },
        "100": {
            "n_size": 100,
            "fasttextaug": [
                0.0006880936920060776,
                0.0006875882219756022,
                0.000692709447001107
            ],
            "fasttextaug_repeats": 3,
            "fasttextaug_number": 1000,
            "nlpaug": [
                0.022627714330155868,
                0.022623248849995434,
                0.022638049120141657
            ],
            "nlpaug_repeats": 3,
            "nlpaug_number": 100
        },
        "1000": {
            "n_size": 1000,
            "fasttextaug": [
                0.006851084109803196,
                0.00688300084992079,
                0.006872913860133849
            ],
            "fasttextaug_repeats": 3,
            "fasttextaug_number": 100,
            "nlpaug": [
                0.22679095000203234,
                0.2259246094006812,
                0.2257991110003786
            ],
            "nlpaug_repeats": 3,
            "nlpaug_number": 10
        },
        "10000": {
            "n_size": 10000,
            "fasttextaug": [
                0.0700107154698344,
                0.06979389448009897,
                0.07004921977000776
            ],
            "fasttextaug_repeats": 3,
            "fasttextaug_number": 100,
            "nlpaug": [
                2.26693885109853,
                2.2665214546985224,
                2.2671621018991575
            ],
            "nlpaug_repeats": 3,
            "nlpaug_number": 10
        }
    },
    "substitute": {
        "1": {
            "n_size": 1,
            "fasttextaug": [
                1.1754139300319367e-05,
                1.1688329698517918e-05,
                1.1705727301887236e-05
            ],
            "fasttextaug_repeats": 3,
            "fasttextaug_number": 10000,
            "nlpaug": [
                0.00023504356897319667,
                0.00023286816899781114,
                0.0002310250170121435
            ],
            "nlpaug_repeats": 3,
            "nlpaug_number": 1000
        },
        "2": {
            "n_size": 2,
            "fasttextaug": [
                1.8400476401438938e-05,
                1.797300039906986e-05,
                1.780017510172911e-05
            ],
            "fasttextaug_repeats": 3,
            "fasttextaug_number": 10000,
            "nlpaug": [
                0.0004642440020106733,
                0.00046162375499261544,
                0.00046324787999037654
            ],
            "nlpaug_repeats": 3,
            "nlpaug_number": 1000
        },
        "3": {
            "n_size": 3,
            "fasttextaug": [
                2.3864260100526736e-05,
                2.3798529797932133e-05,
                2.3864286800380795e-05
            ],
            "fasttextaug_repeats": 3,
            "fasttextaug_number": 10000,
            "nlpaug": [
                0.0006932138369884342,
                0.0006884430750505999,
                0.0006920043079880997
            ],
            "nlpaug_repeats": 3,
            "nlpaug_number": 1000
        },
        "5": {
            "n_size": 5,
            "fasttextaug": [
                3.634639820083976e-05,
                3.655573120340705e-05,
                3.6505381198367106e-05
            ],
            "fasttextaug_repeats": 3,
            "fasttextaug_number": 10000,
            "nlpaug": [
                0.001147470780997537,
                0.0011486438979627564,
                0.0011491492789937182
            ],
            "nlpaug_repeats": 3,
            "nlpaug_number": 1000
        },
        "10": {
            "n_size": 10,
            "fasttextaug": [
                7.050565339741297e-05,
                7.068841170112137e-05,
                7.069455829914659e-05
            ],
            "fasttextaug_repeats": 3,
            "fasttextaug_number": 10000,
            "nlpaug": [
                0.002275004639814142,
                0.0022762091699405572,
                0.0022846556501463057
            ],
            "nlpaug_repeats": 3,
            "nlpaug_number": 100
        },
        "100": {
            "n_size": 100,
            "fasttextaug": [
                0.0006567474719777238,
                0.000656073471007403,
                0.0006567339520261158
            ],
            "fasttextaug_repeats": 3,
            "fasttextaug_number": 1000,
            "nlpaug": [
                0.022678090700064785,
                0.022722326460061594,
                0.02271915217017522
            ],
            "nlpaug_repeats": 3,
            "nlpaug_number": 100
        },
        "1000": {
            "n_size": 1000,
            "fasttextaug": [
                0.00648994658025913,
                0.0064739055800600905,
                0.00647867278981721
            ],
            "fasttextaug_repeats": 3,
            "fasttextaug_number": 100,
            "nlpaug": [
                0.2267810783989262,
                0.22674012409988792,
                0.226428755899542
            ],
            "nlpaug_repeats": 3,
            "nlpaug_number": 10
        },
        "10000": {
            "n_size": 10000,
            "fasttextaug": [
                0.06619810196018079,
                0.06632939075003379,
                0.06628668713994557
            ],
            "fasttextaug_repeats": 3,
            "fasttextaug_number": 100,