{
    "substitute": {
        "1": {
            "n_size": 1,
            "fasttextaug": [
                6.777803599834442e-06,
                6.690915700164624e-06,
                6.6488354001194235e-06
            ],
            "fasttextaug_repeats": 3,
            "fasttextaug_number": 10000,
            "nlpaug": [
                0.00016503065900178626,
                0.0001665715730014199,
                0.00016433773300013855
            ],
            "nlpaug_repeats": 3,
            "nlpaug_number": 1000
        },
        "2": {
            "n_size": 2,
            "fasttextaug": [
                8.7390795997635e-06,
                8.915573700141977e-06,
                8.740940699863132e-06
            ],
            "fasttextaug_repeats": 3,
            "fasttextaug_number": 10000,
            "nlpaug": [
                0.00032757271700029376,
                0.00032743411599949466,
                0.00033098309400156724
            ],
            "nlpaug_repeats": 3,
            "nlpaug_number": 1000
        },
        "3": {
            "n_size": 3,
            "fasttextaug": [
                1.0762092399818357e-05,
                1.0724289599966142e-05,
                1.0675677900144365e-05
            ],
            "fasttextaug_repeats": 3,
            "fasttextaug_number": 10000,
            "nlpaug": [
                0.000488305754999601,
                0.0004838931910016981,
                0.00048377324800094357
            ],
            "nlpaug_repeats": 3,
            "nlpaug_number": 1000
        },
        "5": {
            "n_size": 5,
            "fasttextaug": [
                1.4637075800055754e-05,
                1.4659082499929355e-05,
                1.471911109983921e-05
            ],
            "fasttextaug_repeats": 3,
            "fasttextaug_number": 10000,
            "nlpaug": [
                0.0008129538030007097,
                0.0008068245869981183,
                0.000812426743999822
            ],
            "nlpaug_repeats": 3,
            "nlpaug_number": 1000
        },
        "10": {
            "n_size": 10,
            "fasttextaug": [
                2.4797045699961017e-05,
                2.476552240004821e-05,
                2.4987895300000674e-05
            ],
            "fasttextaug_repeats": 3,
            "fasttextaug_number": 10000,
            "nlpaug": [
                0.001598737109998183,
                0.0015985166199970991,
                0.0016015144400080316
            ],
            "nlpaug_repeats": 3,
            "nlpaug_number": 100
        },
        "100": {
            "n_size": 100,
            "fasttextaug": [
                0.00020640038399869808,
                0.00020657951500106718,
                0.00020707782400131692
            ],
            "fasttextaug_repeats": 3,
            "fasttextaug_number": 1000,
            "nlpaug": [
                0.015990158319982583,
                0.01598054628000682,
                0.016002247930009615
            ],
            "nlpaug_repeats": 3,
            "nlpaug_number": 100
        },
        "1000": {
            "n_size": 1000,
            "fasttextaug": [
                0.0020396581000022705,
                0.002047804809990339,
                0.002045243410029798
            ],
            "fasttextaug_repeats": 3,
            "fasttextaug_number": 100,
            "nlpaug": [
                0.15987409810004466,
                0.1600936015998741,
                0.15961091250028403
            ],
            "nlpaug_repeats": 3,
            "nlpaug_number": 10
        },
        "10000": {
            "n_size": 10000,
            "fasttextaug": [
                0.020845280139983515,
                0.020824576289996913,
                0.020794224349992875
            ],
            "fasttextaug_repeats": 3,
            "fasttextaug_number": 100,
            "nlpaug": [
                1.59604783950017,
                1.6011726931999875,
                1.5992862793998939
            ],
            "nlpaug_repeats": 3,
            "nlpaug_number": 10
        }
    },
    "swap": {
        "1": {
            "n_size": 1,
            "fasttextaug": [
                6.577783400280168e-06,
                6.56937800013111e-06,
                6.57976949987642e-06
            ],
            "fasttextaug_repeats": 3,
            "fasttextaug_number": 10000,
            "nlpaug": [
                0.00017732796799828064,
                0.00018006602700188523,
                0.00017559369100126788
            ],
            "nlpaug_repeats": 3,
            "nlpaug_number": 1000
        },
        "2": {
            "n_size": 2,
            "fasttextaug": [
                8.583759900284349e-06,
                8.567477600081475e-06,
                8.578289900106028e-06
            ],
            "fasttextaug_repeats": 3,
            "fasttextaug_number": 10000,
            "nlpaug": [
                0.0003472652079981344,
                0.0003475516010003048,
                0.00034717084300064016
            ],
            "nlpaug_repeats": 3,
            "nlpaug_number": 1000
        },
        "3": {
            "n_size": 3,
            "fasttextaug": [
                1.0593521900227643e-05,
                1.0644026599766221e-05,
                1.0505779199957033e-05
            ],
            "fasttextaug_repeats": 3,
            "fasttextaug_number": 10000,
            "nlpaug": [
                0.0005245270650011662,
                0.0005194791280009667,
                0.0005183217789999617
            ],
            "nlpaug_repeats": 3,
            "nlpaug_number": 1000
        },
        "5": {
            "n_size": 5,
            "fasttextaug": [
                1.4406404500186908e-05,
                1.4409177200286649e-05,
                1.4399193900317186e-05
            ],
            "fasttextaug_repeats": 3,
            "fasttextaug_number": 10000,
            "nlpaug": [
                0.0008694147229980445,
                0.0008619254929981252,
                0.000869688345999748
            ],
            "nlpaug_repeats": 3,
            "nlpaug_number": 1000
        },
        "10": {
            "n_size": 10,
            "fasttextaug": [
                2.4481536300299923e-05,
                2.4536799800262088e-05,
                2.446836869967228e-05
            ],
            "fasttextaug_repeats": 3,
            "fasttextaug_number": 10000,
            "nlpaug": [
                0.0017182741700162297,
                0.0017339344100037123,
                0.0017220590299984906
            ],
            "nlpaug_repeats": 3,
            "nlpaug_number": 100
        },
        "100": {
            "n_size": 100,
            "fasttextaug": [
                0.00020199656000113465,
                0.00020718433200090657,
                0.0002030811359982181
            ],
            "fasttextaug_repeats": 3,
            "fasttextaug_number": 1000,
            "nlpaug": [
                0.017059780299969133,
                0.017097821249990375,
                0.017141460400016514
            ],
            "nlpaug_repeats": 3,
            "nlpaug_number": 100
        },
        "1000": {
            "n_size": 1000,
            "fasttextaug": [
                0.0019871999699898877,
                0.001983154689987714,
                0.00198977019997983
            ],
            "fasttextaug_repeats": 3,
            "fasttextaug_number": 100,
            "nlpaug": [
                0.17190124000007928,
                0.17203762249991997,
                0.17236406769989115
            ],
            "nlpaug_repeats": 3,
            "nlpaug_number": 10
        },
        "10000": {
            "n_size": 10000,
            "fasttextaug": [
                0.02008612409001216,
                0.02013808206000249,
                0.02011014364001312
            ],
            "fasttextaug_repeats": 3,
            "fasttextaug_number": 100,